,x1,x2,x1,x2,x1,x2,x1,x2,x1,x2,x1,x2,x1,x2,x1,x2,x1,x2,x1,x2
0,4.000469425715762,-0.32311643126033207,-2.7648447393855813,0.7370538919199277,1.0807578915626443,1.658016157168567,-3.5690620048200175,2.209281896559901,-1.9621883693318765,2.2808212842985487,2.634350666136444,1.1466053665142377,-0.5086004059943869,4.1711881716671915,3.5735989834759696,-2.728761407293283,0.8635601986883064,0.6603925093291192,1.844544187604809,3.8633581656074334
1,491.57497260217843,1414.5974635322145,176.20237096589833,393.1525687856479,13.30540984123102,-51.32136883026014,41.80976666096771,97.56211578908363,-33.31445807901434,98.45111628647227,2.612955639006609,1.3323688848247222,683.5941010316687,-876.2009011479563,-569.1986487493325,-595.1408776724951,4.117624119030063,-31.53740746669044,-160.86053866442126,774.3455788372555
2,-35.990013416853856,-272.8348971599073,175.14291780855214,395.75921432620595,12.826929538310324,-50.46047352721996,107.565655758872,67.47965890246857,-33.218539749692546,98.25480509109072,2647.4415837864676,6430.565805503348,660.2945886035949,-918.5898273348857,-512.3151943618524,-351.0820344266018,-13.313375359175202,43.67745921567284,542.6699828822489,1793.5809223275805
3,-28.435808701295798,-259.5127052356905,-204.58329146260698,991.7868117976332,12.891312623177948,-51.756736592467135,108.70169112533853,68.06090696282766,-370.3791079164082,-407.0940940527264,1375.7801538957622,3219.203777436149,1735.4027058281981,-4765.891928563639,-472.10311286696003,-518.5025723198364,-14.351226250645158,43.89983956531159,365.292854452486,1872.727603124324
4,-457.9764903348338,-1940.1236740680208,-204.64618881444997,992.0503698022617,21.649121733996957,-7.2368345711107835,-27.381729105755,-434.2403181584765,154.4838437892398,-1232.712181811461,1375.7414381540048,3219.460433286557,2126.178886225169,-6126.457522700676,-499.9946542698938,-627.8752800276002,32.41350511938897,190.97620724806833,-293.8092708869032,2343.296791530016
5,-749.0787757735786,-2051.972009568699,-203.8969255065183,992.0706377965868,21.77379999337961,-7.184806985525118,-153.57410059201305,-280.61905231320134,-732.1308975661034,-2408.8090971164884,1677.5545880591237,4441.64419450097,2126.229700820668,-6128.874379282406,-499.92423685378236,-629.3618345632894,-25.177973464191453,467.6021546772764,-472.19908386197886,2411.1032399285214
6,-792.1157604955754,-2080.4931891770193,-231.30825567303822,1142.6714008695578,779.211013126416,-2941.961525632083,3.0231163677126176,-65.79828229369775,-731.0579757295799,-2408.4395980478766,2202.279186070532,2250.3047094740596,2221.0179605735066,-5727.7966560660625,-430.7074570761667,-638.6420554082075,-23.67856060975584,468.43690043839587,-473.91448728454935,2409.612753585359
7,-848.9998408415103,-2318.3401195461,-754.7418747888826,408.6204046765748,995.4935177277696,-2576.6394335288187,-1506.9524186869457,3436.165746636615,-777.2857118136368,-2410.4021959253664,2265.727990610589,1940.5833188173606,2220.874386200061,-5726.503030902379,-430.07003705094576,-636.7980653263065,-28.207744905659883,416.6592841053562,-473.6963253481911,2409.7017286093355
8,-651.0035204655177,-2409.153506455066,-753.8589302620699,410.0374757074824,248.6518855506381,-1139.5613135369565,-1536.3478985418546,3478.3553146089525,-746.4452147527991,-2291.8715034099755,1380.4790275504179,1073.4575584675727,1636.9895446683104,-3637.6370301280135,-428.146478801948,-634.5807844667331,-13.807616433206027,337.92845842605635,-474.17880028007073,2410.502470581437
9,-651.3836004329654,-2408.5275990447694,-679.6059171949724,610.2921861821122,248.75231155165284,-1140.8155524865233,-1493.3163607206998,3641.0070583030847,-747.0376288469982,-2290.2593248630637,1382.477261570763,1075.5838714414024,1639.0489290261105,-3635.29431643855,-920.9682424442085,877.3202475332487,-425.88434378036555,1574.2444948084362,-474.22001159720196,2406.102378511699
10,-681.114239674616,-2465.6470501407816,-723.6305195366091,345.2727402661054,280.91578904085515,-1221.5095151794653,-2713.0911270134575,2083.0537861950584,-729.4357027364805,-2233.8432205100853,2801.9556133817964,5476.247926755656,257.98798471761756,-7557.549306185558,-920.5130554799671,881.7501010082725,-287.82490582843104,2089.4461829636075,-441.80919564491603,2280.400107558089
11,-656.6045617770093,-2554.3179042299507,-721.7411813121295,347.15299730969866,277.0507050990603,-1211.6417334904784,-2734.3432039499717,1932.8971050261453,-838.3626561717144,-2625.413743602889,2275.7017168976454,6845.704484110727,-2898.071716147002,1888.9505340444575,-919.2763249768592,882.1510777601087,-281.6392592030032,2090.5867692571433,-318.4824817617008,1651.008489819299
12,-656.6280783222812,-2553.9704788303543,-807.7829475149645,50.5150650786083,-194.71856174426978,-191.21094644985146,-2732.3779064489336,1934.841923909783,-129.0901274673397,-151.50500007595429,2275.0837061552265,6845.976686500946,-2898.2700532393746,1890.0413285211475,547.3559749364034,2937.6931155788943,27.24705792094761,3172.9156065074567,-434.60371217670576,1410.8481984467803
13,-656.5256503911648,-2555.315528261572,2494.2114986260285,9170.776513866445,-187.79293054418363,-192.02062904528665,-2739.6550077518855,1942.415075664463,763.7945500187793,-2407.3549646774754,2286.7649679673436,6865.794309339947,-2918.2469890149414,1759.4359325129649,-1731.5847718457208,9805.851013858111,-32.718117858299536,3230.3219262390953,-656.1879226662245,1205.3478828151449
14,-656.4473321969168,-2557.57758678006,2494.178499962626,9170.89194131363,-262.0467521055201,-407.6679963019917,-3019.0436029563994,1703.8572725517665,-1550.6485684764998,-9105.603098988038,2539.951908401162,7261.023621225585,-2917.997744901609,1759.2157900924835,-1774.975164448071,9962.375644571595,254.70812679788554,1911.6362073018868,-655.9173327311192,1205.3945189625356
15,-656.6566000326486,-2557.0037567021436,1938.2654764252095,10459.445852675788,375.0265929908637,-2368.8815629167643,-3005.379691335611,1748.9409535785355,57.55973427872232,-14166.883753754119,2616.415974328239,6973.9339707480995,-2676.758028799308,1915.4774730701115,-1776.074893341962,9965.779123580058,226.8759809521363,1968.4290107287497,-1652.8762135621764,-1996.5717071530198
16,-686.0422598405603,-2466.170677317654,2647.686363359138,9980.069610224598,374.65094235519257,-2367.5915697769706,-3004.1861819990795,1751.233907978765,57.28757273593847,-14166.149652350989,2270.586973468623,6010.807527622254,-2577.08505471422,2150.069856065295,-1798.0265022211343,10018.828403523037,227.4985825132091,1968.637427230184,-1649.7496180442638,-1990.3741786051858
17,-646.0341003453949,-2294.8026425337657,2647.8750828609745,9980.173697329934,175.97245932188048,-3320.7356483062804,-3398.7936923897714,1983.9384282673352,-481.6346498005436,-15902.243013591678,2240.154714697827,6075.076924109659,-2570.240804902824,2158.2453440157537,-1679.27360109787,9837.733934270782,407.5557568844051,2047.767565724111,-1631.4915533890571,-2002.5682741109222
18,-1262.534994764943,-4525.569501964557,2643.128582546956,10001.95073340852,-8.642442989152187,-3234.910408804447,-3150.922662691756,2376.090252183148,-455.2037376675396,-16014.272799885717,-515.5044091019854,-430.1552665748095,-2572.247539574039,2159.6521159274967,-1684.1082796894423,9839.897139163297,712.1173616623987,2991.744479945066,580.5629511110101,4536.501539199468
19,-1265.0724628405787,-4526.486072150835,2645.9199616604874,10008.41936888947,-21.054424751211883,-3334.991951209273,-3150.4883297354395,2376.014183684361,-203.41663159841954,-16125.104489598487,-743.5785226309744,542.0704463001248,-2572.363423978585,2160.5242418332423,-1683.7341062252376,9839.867484445143,-207.9139775914307,6233.833045226875,516.4242615819121,4201.636368462729
20,-4544.074382099565,4396.392383108404,4020.4916319164404,13011.109917652091,-13.660359262494914,-3315.3791779875237,-3151.232550434881,2359.735452506686,-202.59762168825748,-16124.681667382052,-743.4838750981382,541.8393647103453,-2590.298939743,2161.7412608057152,-1680.2585668361708,9803.879180024402,-176.0364933932168,6397.357271396499,678.7437501824556,3886.5060264434583
21,-5232.282542766414,6704.309341098333,3738.4583087482138,14136.053540875862,40.31041619067416,-3581.321553921959,-3150.442940929785,2359.8089996761087,1344.8699670628987,-12821.15879986632,-931.7542757920226,199.7459012760745,-2587.8542351256483,2165.7685424565034,-1715.8277130292154,9636.726540247482,561.6470513787908,5008.252563034162,663.3773815942897,3960.609112605406
22,-5235.179662089309,6674.208618141395,4189.05969620064,13882.20970533878,255.5551651377907,-4385.182167341833,-2799.544590090017,3791.4543976636037,595.1050613190365,-15402.678485515798,-930.9462174219274,199.79616269576394,-4413.414335232822,-1942.8696654536188,-1682.030738562011,9800.693267247041,564.3975901027131,5014.423406309447,485.59959560519405,4674.908661674521
23,-8139.2471842127725,14015.554633855598,4189.925527670735,13882.298944453398,254.69198468790808,-4383.068566163824,-2612.096084361745,2943.7718600198773,-894.4321762144972,-19272.248267133316,-938.6770765117069,239.02559239096826,-4403.355638775466,-1916.4969186944327,-1682.7196447171782,9801.354987196502,565.0372678326999,5014.677243674027,83.61680682246038,5216.387725456341
24,-8432.13877792225,13758.542628048705,2488.530977461064,18558.900034063587,254.13517330566157,-4382.233273078247,-2317.9846004650253,2688.664573823536,-891.3144410029753,-19263.74016092194,-937.3189037324795,237.20635081974476,-5102.413166682923,-293.602357980257,-1713.777052205098,9771.596997294799,565.2106833253177,5012.798788037126,83.03239047030665,5216.407589084216
25,-8432.56908601275,13750.8395477384,-641.8335973136154,25778.95599306879,302.53838230777035,-4169.490620559765,-2322.599717371043,2683.68475835155,-879.1566020661544,-19252.81067383847,-1077.46337415227,165.54643616262283,-5816.7214803363695,1302.899845248797,-1491.56574512303,10156.06574280378,564.9543652301405,5013.24012420757,83.15003925354358,5215.15017107425
26,-8433.122397289057,13752.063437519555,-647.9059287427932,25779.017736876438,286.20861473149336,-4128.918013142638,-2322.5552472119602,2683.5120397192645,-861.5073400551795,-19379.669335858896,-991.4062392554079,33.11272146142187,-5672.864603644935,1443.1154653817368,-1709.5021251891228,9712.137408446695,565.1280122442615,5013.355781256031,83.71001395259346,5218.099978129111
27,-7934.812650287979,11826.87079586626,-722.6306708784251,25541.050541801167,286.4088202417463,-4127.76269266515,-2321.9955833929093,2683.487253145452,-863.2514736235679,-19397.82051509083,-1020.4520444989893,-157.77409123336056,-5807.778981856649,1865.2711924303549,-1712.827044051014,9684.835833192434,559.2253128053843,5034.653704654345,-1932.411721084161,1291.844191286987
28,-7618.3611720016515,13178.490522418237,-1790.8276475138423,26465.731927852692,303.1633644648083,-4202.586969891585,-2260.553264633755,3000.1170161602395,-844.9592874122511,-19497.43711656673,-1367.6870767892015,1183.3881355528852,-5806.6392910774985,1865.5676249038686,-1713.442309855276,9686.239041938226,561.085001657463,5037.02580728454,-1920.2296222048549,1344.554937835311
29,-7326.092061459147,13919.5375184573,-1796.0479714303353,26464.12409019955,203.7640154910802,-4210.493226034564,-1143.9716062874918,-816.4347830502325,-846.9072794749128,-19489.783401058303,-1383.7638189766255,1214.0524700133199,-5806.829117041048,1866.0114373444057,-1701.234810280821,9717.349473402828,579.7753206897507,5115.664283145239,-2287.9550338150643,1201.8987606927817
30,-7319.7729368239725,13931.523505204344,-1803.6352267154168,26458.05216086686,212.2766387872168,-4271.993728151209,-1197.3516116788405,-696.6004648916266,-333.6397934862674,-21236.085129510007,1494.6777240073845,10020.444589302413,-6009.536807052474,2359.852808529497,-1701.5729537310638,9718.23284944038,701.6614389291271,4478.078363626512,-2287.540145249361,1201.8741062985255
31,-7329.220377716271,13939.998501243184,-1834.6309910749017,26510.20046171338,1128.9801820396046,-5551.2649570849135,-1081.4874880399548,-835.5287904282962,-223.9529359862662,-21264.171998133505,1358.5540475853513,9627.154345149767,-6009.184733108521,2360.092692900993,-414.334276091613,12934.991833000739,3879.656718164929,12167.83138772436,-2617.530817726408,-282.8251270004762
32,-8259.969357139706,15348.73969944385,-1837.922977233329,26515.06698057729,892.1160395385004,-6551.0663078288935,-1447.5540389710588,-2097.521902042864,-224.04487577655667,-21260.775129701717,1358.742306696039,9627.219608253641,-7369.125915967937,3978.29797349641,-414.5932670345197,12935.565083824418,3880.189509433604,12167.750612134796,-2617.659203030044,-282.286760751137
33,-8259.531660839459,15349.870873175882,-2918.824774494906,28166.744298820264,893.5555857520349,-6567.288231657251,-1513.7923262998827,-2400.473102913811,-241.4787384692737,-21317.135172898405,1359.8265808257386,9613.04497382398,-7368.4939903310915,3978.266954996486,-414.5681760909825,12933.491527323355,3874.8223861931115,12196.819363786384,-2617.017622184119,-282.3820840082215
34,-8301.187857518435,15418.291482822175,-2903.3295877113455,28202.731075201285,733.1166554574885,-6230.769669486603,-1522.3806017636473,-2419.596440900675,-259.53640582585984,-21256.18269097696,-1338.9799329249356,1153.6720622278735,-7137.837076660093,4124.496616747966,-413.9232174944537,12933.760223389507,3861.734443729053,12194.631117245659,-2559.650400140875,-89.01385297407313
35,-8127.66639942805,15751.117693149234,-2908.5227813386878,28185.391834732964,842.4679561853401,-5840.272120327345,-1338.035771651786,-2190.54761586551,-258.78494679285774,-21256.27862534396,-2096.139391935112,3075.5773075210436,-6028.972560069858,5690.79016993139,-412.7693018834697,12934.065969798385,4291.546081240064,12909.399629548481,-2629.0990708475088,-353.8313122845824
36,-8359.111572877098,14939.427101937983,-2907.7187305481784,28185.591896292066,-238.30073451651913,-4203.85014702443,-420.83483453416284,-4159.885195200494,-359.07359151128196,-21798.384420716622,-2313.869779908238,3305.7273324005555,-3498.8098053070094,11151.712634342803,-347.14210345827627,13226.636483255326,6426.66922457763,17257.768891794738,-2174.4792397246715,-155.0765949378357
37,-8359.156431257274,14937.948486191633,-2458.291539349846,28369.59891929529,-2871.8279937877373,1162.398341237642,186.59245531257557,-2469.8969662500995,-445.4886643244145,-21849.066813427464,-2318.3797508052357,3298.6611272495134,-3249.6487676445254,11234.54781935591,1169.7118075723995,17515.04825418946,6418.147585533033,17273.748045361514,-2173.2837872103755,-154.72720454562264
38,-8361.14824021619,14946.408953554326,-2481.5331473737633,28437.96907845645,-3327.625846560258,1559.124717360132,1750.1993462124997,-5233.209319333298,354.8128346739804,-23941.784305350924,-2318.304331430454,3297.321316886379,-2098.340056307409,9012.586141191267,1169.5943782311488,17515.335014723038,5248.859328143559,13688.18374018216,-2174.186823497175,-153.0474537231349
39,-8361.17417867844,14946.815411156422,-2480.766338619065,28437.998247459564,-2933.4219564500972,599.0222206007979,1662.989508611634,-5359.427081421655,548.8908482003799,-23339.27579435826,-2333.4517683616823,3333.6515659982438,-2093.367455500845,9018.618924819784,357.2103448358058,16970.831120990486,6985.400877264105,10087.830988248612,-2173.8570212848836,-153.1923777309751
40,-8356.61340673789,14954.82608209374,-2482.9354152108212,28411.16157373071,-2118.644888269853,-1976.8261621783972,1662.8519250489805,-5358.449443331981,-340.44890411881283,-21862.755328949184,-5366.595587401996,10658.057415073903,-2093.302227936686,9018.647373480397,187.08470374224154,17294.946513338527,6940.997276349844,10244.317658673748,-2171.58503022066,-150.52916690538996
41,-8358.808539467258,14955.190786387862,-2574.640679752581,27889.992085603208,-3227.1988106707668,-80.74169738737442,1662.0742172534171,-5356.172584589022,-325.91393425862805,-21788.476135850466,-5358.753522358006,10631.280638370681,593.5601579775321,2831.2341638132084,186.97246022732438,17296.74961223847,6641.966835186694,9740.329491384944,-2171.5958271261607,-156.54552662658384
42,-8356.707264370069,14957.194106574407,-2630.975076214745,27983.862232026797,-3194.982501505567,-129.94931277569952,1355.535347835677,-6052.373776198347,-360.63335340194067,-21746.029260939773,-5172.075105929614,9820.843026897726,594.3030966351294,2834.019228290865,188.21149465802353,17298.44307812561,6686.420675630033,9741.137277485503,-1893.6975759111117,-1214.4175863332246
43,-6770.3675943758,9627.864076498712,-2625.0407940689843,27974.932824527117,-3205.052257419282,-220.99484171732155,1375.4914372398407,-6066.686316822905,-358.1488143710843,-21741.25439605655,-5171.676754370242,9813.458240739727,1235.922021505989,1122.3989465478812,-933.825343456636,15508.364170837598,6690.247808308571,9732.457472446054,-1895.7238647744637,-1215.2175291446595
44,-7231.5518812291975,10956.766422881365,-2638.7974932834018,28005.552150795265,-2473.3244561915026,2203.283200408144,1295.2336768399018,-5808.138795031655,-261.2201623180126,-22211.47153758918,-5172.682202121113,9816.603769608326,2065.75616014133,4065.574040527879,-1015.6119469118772,15302.140550913318,6693.405188338429,9741.27412927911,-1895.4390642203607,-1215.4255030252566
45,-7388.118882164023,10857.163698740142,-2625.712697005737,28074.545093482626,-2473.7278280698197,2204.0697370598577,1514.725729260974,-5409.213808233662,-161.9254281040034,-22743.03816136397,-5169.038314500711,9816.930893653453,2066.114155306082,4065.2795392186044,-1015.994574087986,15302.88289041319,6693.456414913516,9738.105971169025,-1896.355846521757,-1213.2095504479446
46,-7387.750433444373,10853.926137897095,-2479.6143616600452,28683.669961699547,-2473.797628290996,2204.747529978161,823.371209498375,-4183.099724450714,-160.24219622887625,-22741.714926526125,-5546.593498238056,9487.074746649907,2217.0055780827115,4149.7365997844445,852.115415630551,20617.50581500216,6620.72289687874,9699.503301878827,-3720.952002260554,3256.2934371169486
47,-7384.854216442554,10857.715137995969,-2488.9606195665024,28724.10083605041,-3073.081528145698,4418.071557140263,584.6929057038385,-4588.594702947053,-542.8482294616181,-23879.741374235487,-5659.592337002172,9065.799650471838,2247.053709378547,4104.540118913079,823.8377421272831,20712.803774367647,6883.646444305434,9191.343118476925,-3720.417518960234,3256.3074263768344
48,-7347.1750295184665,10803.144249334197,-2462.144115209165,28803.308222479525,-3072.7435885734685,4418.0679635859315,982.4806983137421,-5834.81246971827,-544.7750682204004,-23871.7080144446,-8672.201146297459,18051.126683249335,2220.7943348017166,4218.285417661741,-362.6335037956643,22145.32224933482,7025.000309907014,9264.373023020913,-2904.1784502239,4569.885308782472
49,-7351.52855561049,10820.67760593181,-2459.1242147377475,28806.644185998553,-3112.905876915373,4499.298759078241,1036.0914126656864,-5824.752104987217,1575.7762637425822,-27718.30641112704,-8672.794664399544,18051.039655801786,4422.792728641476,8334.527407994203,-365.8595977403691,22138.20651444331,7024.897336440218,9265.173538743738,-2902.2726494091294,4571.648753525604
50,-8460.72246981668,7599.55427340593,-2547.287661878158,28794.421139643247,-3090.2315661148723,4608.794903835062,-31.39209307553915,-8772.035490053455,1576.0669796680716,-27718.27373776598,-6352.53651678017,22246.98918108456,4401.715258671025,8217.537736605345,-365.9985693064846,22133.418005467753,6834.091787956256,9787.640945746978,-2902.5263293641274,4562.292146887457
51,-8460.629970804936,7598.584671421514,-2551.482584779205,28776.05322473796,-3087.6617321551194,4610.746059200242,416.1140546418335,-9348.035480446511,3242.637546749071,-23845.610821945425,-6304.403869713757,22375.5139237685,4402.889787547836,8218.009980857169,-590.0018768137672,23029.28453386254,6833.978034046613,9787.916658343182,-2908.9764380541897,4531.918697956607
52,-8131.142393888602,6830.6354126700935,-2551.4579418332023,28772.033999323856,-3087.030637079686,4614.073361232502,415.40776457500436,-9346.760557027064,3266.9707754817523,-23862.335843421257,-6297.150009105637,22375.469140241352,4402.937224510141,8217.62032408791,-595.4840101971462,23030.11326380141,6834.084704654677,9785.96287606827,-2908.8587974658058,4531.75604277185
53,-8131.817959157373,6831.825504428122,-5777.353320789866,19876.741286992656,-3064.717022592731,4604.559101494504,504.26727107071883,-8995.5156508171,3244.1165825270464,-23835.509096899998,-6196.278414858413,21888.32389486726,4392.729497312837,8227.678582421562,-595.6466453710673,23027.89151220416,6763.847784934366,9912.14073965733,-518.036863287718,-2942.6899581830767
54,-8044.235190591847,6774.088023392749,-5778.051235036217,19878.568681348628,-3065.4269197147714,4593.208239809227,505.54599924543714,-8993.945523630331,3244.956646283779,-23835.37720781369,-6188.686947881983,21867.40872377075,4392.842556454433,8227.772454885422,-621.0322719277935,22976.850170879054,6562.784713288391,10342.429218027875,-516.369664854465,-2941.578760731313
55,-8043.861806238548,6773.9075956066845,-5581.943734072417,20630.36416497995,-2987.6959560759897,4580.563760480549,507.270526784314,-8994.916116056122,3245.3812990895294,-23835.551918580022,-6270.530938391328,21887.124292422453,3781.399534901531,9188.097740848907,-621.2998719544721,22977.208977428243,6563.189341024283,10342.399516559992,-56.399984954109414,-3222.02464509321
56,-8044.042157096853,6774.242092294954,-5580.204748019668,20631.5717736132,-2914.6734318830563,4864.891256815955,159.15298846339073,-7537.203504385731,3243.9682758948456,-23835.460636914522,-6270.32668307038,21886.216765545105,3032.5178922212053,8390.193224046921,-636.4317866669932,23019.820478641075,7319.214289960234,8373.93347678168,1743.9791827409229,-427.9496433654731
57,-7931.418620821654,6998.304451439568,-5571.563398168169,20554.694650136746,-2918.763813706116,4840.036928646805,159.16148978973627,-7537.261663669718,3276.2431205644993,-23759.476527133516,-7160.338218518451,20547.115151254617,5302.422204056653,2799.2766018900656,-633.5571062600635,23011.923646484673,7068.477558634311,7258.850593997953,1743.8816290099014,-426.67477681914033
58,-7929.21159015911,7001.631961871739,-5705.077388997304,20493.488095163895,-2923.8878651919413,4842.222826901408,162.46589493569635,-7537.193675282367,3274.1450888909003,-23769.93279431034,-6749.869042396438,19457.15223286823,5316.322931030616,2862.785768658058,-804.6481005982944,22992.531096405277,7846.503051459797,5601.981150192424,1689.0703879226,-278.9881929613287
59,-7927.539380159911,7004.209588927109,-5701.497745777037,20498.600412706728,-2560.263245664177,4565.775520724377,162.61286188905535,-7537.819580260149,3273.4319494600663,-23768.505713371404,-7503.733693757781,21776.390330113107,6140.400892215314,4027.969422060663,-944.1574721910447,22972.423816601655,8506.85235995567,5215.493639018359,1685.111946975371,-272.234062125357
60,-7926.269426933309,7005.149648708077,-5715.665761572481,20429.76274823674,-2560.7312902612402,4567.0857417808975,182.99670230189082,-7531.61682940579,3273.9735245034917,-23771.800428884093,-7503.563422823248,21776.470280417925,6859.076716007438,6663.409842216057,-940.3450146558469,22981.35009059716,8507.048121288959,5214.504750964215,1684.2423792562308,-269.62006391241096
61,-8883.762243344197,6168.326038899388,-7033.749452310669,18908.41638161708,-2572.531745627412,4554.347251905025,182.69232656222732,-7530.700874112543,3471.017844101742,-23241.218395936346,-7516.9051887515925,21855.144157953044,6861.718111247447,6668.602833833637,-939.6307386526773,22981.551003502595,8492.753319929583,5185.505088471913,1638.4373046982862,-245.8850073927307
62,-8968.271289796241,6538.326165508878,-7034.669955360802,18889.34665538027,-2520.833953708517,4323.994184051684,188.38069422323284,-7532.885932155498,4316.649209989619,-20099.36446207997,-7516.226925625768,21858.37733531398,6837.965739601198,6574.264307365381,-768.5853930916905,22300.196051770636,8412.603886416819,5062.931162183044,1637.684632950044,-244.57982838983793
63,-8967.902270497085,6538.329298613639,-7308.689850696508,18794.67361652482,-2519.7797097319817,4324.214531166893,389.6722809655683,-7829.462248944467,4318.390778918526,-20095.763818801464,-7764.319892404733,22482.389102422007,6829.865467882399,6606.335915242794,-780.6307153151572,22316.291301776095,8411.894979296045,5064.372627160747,1639.038119286995,-244.3982586640227
64,-8831.234639344539,5904.983551526453,-7360.052922694906,18645.621182054223,-2516.907901650033,4327.019400362092,385.75655775568123,-7823.701690110228,4305.683358091609,-20033.454958632152,-7551.448048582619,23060.52544950966,6826.3144739324225,6619.4008798500745,-781.1579536623456,22317.14102618372,9781.781534523378,9017.743180930189,1637.1216690633375,-236.43298951927062
65,-8794.501515228985,5675.562040482756,-7363.059259190652,18620.477099609987,-2514.538166032396,4330.400585294815,386.6873401243521,-7823.58377348764,4255.178271886787,-19995.33688128123,-7550.163253786055,23060.618651437497,6887.446857422982,6700.54043830107,-782.8600620835814,22323.13957460886,10070.56608054795,9321.856611838877,1376.4707026505823,93.6695285202307
66,-10011.9521268604,1527.3752717523257,-7361.218983206851,18621.893465486126,-2448.8022152536887,4336.020118231512,388.02885926129267,-7822.961679053924,4255.3249045442035,-19996.62260691187,-9019.535478345668,27982.298485138403,6887.530499906406,6699.10045758234,-782.7193432607793,22321.583020054666,9853.292685544993,9938.680485116833,1379.7643498873565,97.8065404793691
67,-7934.662097779106,7860.087803207645,-7888.954045035046,17839.160999644246,-2446.7908185874667,4338.736686425963,977.017857053005,-8449.531780521187,4044.018736869418,-20978.066559184255,-8912.804326914176,27993.11596403703,6463.560584125145,5936.909875267902,-782.7596062525555,22321.771765236328,9748.154004396603,9566.23331360559,212.34363720194165,3126.5986609546294
68,-7953.720836155086,7862.433795955561,-7890.00340499478,17842.363443704522,-2486.845044048763,4377.278257497259,978.2696131551305,-8448.945851777966,4181.121923301047,-20964.56188661124,-8912.619014099664,27992.160292584947,4780.82931773433,9626.183659109027,-782.90198423444,22323.026374517165,9753.469351255444,9576.115111567678,212.56428842129884,3126.667498183557
69,-6620.806015487461,6003.558209821002,-7870.029709713197,17845.46736571392,-2507.3712328888873,4427.86861273218,977.6519510360397,-8461.64016844358,3515.648354689786,-21586.129237944624,-8918.338421348457,27992.333462172384,3301.1854882465564,12983.30265870967,-782.8202797047028,22320.004883029345,9608.934299070852,9479.76854033369,242.33975750240182,3289.9861235405197
70,-7271.774055768906,6402.783771922967,-8197.011316797609,19240.742862978102,-2518.4960019958316,4441.206995575815,2180.1660007628943,-7304.748223011995,3689.4717843349604,-21269.248027221834,-8920.25502073206,28000.18624932624,2894.14244433565,12090.865434805954,-1897.4678997731062,23586.97319997397,9579.098855475206,9642.276476571476,-84.69020210447934,2461.50473217291
71,-9418.517391259196,10322.983542133452,-7692.743001059899,21095.139893557778,-2556.436649331656,4444.054167057052,1917.9869425054203,-7602.573147443767,3667.3015957698335,-21391.72382553451,-9003.454485332408,27689.475541672735,2880.241007819485,12101.722048856003,-1897.456770625298,23592.913468691808,9579.682027425157,9642.550881656196,-1672.6432966871894,5192.474673678164
72,-9419.716147115136,10326.920604105228,-7708.443524003502,21050.14937963717,-2622.383082366762,4128.463205466942,2274.2529560336507,-6797.492943086454,3676.037991724774,-21391.751891869113,-8997.726040915762,27717.21661790672,2879.710311001059,12103.136564876775,-1897.0494180407522,23592.89244575655,9579.2935958552,9638.268145617418,-1673.6003614900517,5193.159487737918
73,-10014.03141727273,12645.212175635454,-7541.02463402754,21182.908436620586,-2641.707473489147,4145.610668538429,2365.3983720842634,-6733.911848590638,3677.9569247311015,-21403.796566335855,-8557.387129147477,28171.772854981038,2242.312151244644,10491.15570738934,-3028.1338454725983,21195.52508336688,9613.058695185304,9649.10985798464,-1660.0743816194336,5204.69731272214
74,-10312.17678386952,12495.028426539233,-7540.183104577163,21182.975506987787,-2223.6550661363844,4797.687733882771,2366.5563166890583,-6733.509339498309,3710.271657940033,-21487.504289671393,-8556.32222154333,28172.017129552907,2461.7206905255193,11359.91441225331,-2981.3071491392534,21150.52657854811,10703.737877510415,10915.536381694525,-1660.0349946536016,5204.989958878403
75,-9656.652413574146,14209.57779700426,-8562.516713852905,19474.274478396936,-1047.0801967843304,2415.948347227914,2152.991154152198,-7326.298693027311,3668.029887052329,-21611.071518123343,-8555.139319227384,28172.478751122042,2971.372756085115,9958.005517139005,-2978.0584772294856,21157.171136404228,10213.573023152938,11245.406174597178,-1617.681719123205,5044.24335951862
76,-9656.680983023267,14206.097810423538,-8772.505431313715,19361.86405654042,-1045.6720895992005,2404.713036387539,1753.4110295576315,-6163.089197328165,3666.287649852572,-21620.561826012843,-8526.830363439689,28010.302359351008,2940.34219054267,9957.561616689469,-2999.206328380749,21235.568702807184,10215.504433641894,11247.063106934187,-1617.6122277788984,5042.7382498027655
77,-8888.104750580722,14667.488121126136,-8772.001900110612,19361.821791744474,-1043.614242373324,2406.7443249698963,1753.1161375234856,-6161.771583602858,3698.8616787718584,-21592.438505543134,-8525.521976762313,27994.84773245541,2543.032466646899,11381.280549836436,-3001.794472962847,21227.401673851742,10525.027706574363,11926.707456552227,-1621.2114423132841,5050.720085623496
78,-8804.24473558717,14884.953479265921,-8770.711511829173,19358.622458734928,-1043.6736848042583,2408.040460998138,1752.9058532074182,-6160.664816654469,3701.832514174007,-21590.159069242913,-7040.438889329603,31548.459384874957,2675.921133337494,11826.602438990627,-3016.8928936449693,21274.31421852364,10649.875014080657,12424.131863632812,-1461.5667596508313,5204.406422804298
79,-8803.59208029727,14884.163842166026,-8912.212792194883,18991.434346855232,-15.820680995284647,4433.007635470899,771.032992362983,-4448.230586388716,3703.4952445125336,-21608.543570041584,-7040.8512948523,31549.34840432787,2688.430819820183,11833.064478711734,-3015.277997047759,21275.40793518203,10650.327556520046,12427.405509929898,-1470.8943204885575,5258.322509832025
80,-8834.805980905672,14997.037630081702,-8912.680747398095,18992.510690938518,1329.8761216161508,2094.7607714265955,733.6739255707023,-4325.6325367124455,3686.0896423234276,-21707.258978688536,-7039.746874362288,31550.302494490188,2719.920101014923,11907.814894909197,-5349.000890081117,28506.136743102303,10425.168240314897,12576.356912470059,-1469.7512983654951,5261.19863992688
81,-8822.207444144766,15016.177288004816,-8991.549291420095,18822.357374859355,1329.4637190028939,2095.4143946934264,671.0854898777113,-4301.814439603949,3822.986303508011,-21223.224709272265,-7022.654621401336,31634.64760703819,2835.977138270129,12239.805380866688,-5349.060705363846,28506.43299949583,10426.593738876885,12578.04470310301,-1910.9507837767717,6922.2840583836905
82,-8822.253350342204,15016.587036438426,-8991.315044476434,18822.347454891988,1311.8740183527239,2152.134721002772,792.348702840612,-3937.1312619966156,3994.3712378324335,-21265.086782078884,-7031.991405958818,31652.280625262756,2833.441503399822,12245.138392892144,-5427.772811036092,28390.686514163834,10428.160624410317,12562.213481921035,-1910.6089858578312,6921.948071341724
83,-8823.270679526326,15019.46865543325,-8995.855662919512,18837.705124735203,692.6583202204839,4468.1530521963805,693.5808705160553,-3727.9483726872995,3992.432091106304,-21256.99899453339,-7032.718411904289,31640.992983400756,2842.8134711205835,12245.471217551085,-4781.146457114332,30340.569051383765,10428.25933493528,12562.251356189774,-1909.4588481128803,6922.093830197481
84,-8540.857732058488,14829.087327496087,-8995.627377533716,18837.783995200316,1134.3847382683698,3194.072173558514,693.4485260935821,-3726.1740861078792,3989.8729241431656,-21254.333836860296,-7027.563071835438,31652.1379383823,2006.483707701797,14897.459151104196,-4780.828665995454,30346.215214456337,10724.422451555363,12014.311180569717,-1908.6768082604024,6923.965706943709
85,-8095.311240793399,13343.728102895551,-9475.813841166839,18198.56814719218,1135.6805334324447,3195.1191610936226,721.2330479928293,-3766.7725722162186,4053.0990463364687,-21071.456869243135,-7025.738284271218,31653.97073053159,1495.0513850204748,15169.25116758384,-4781.634623019197,30348.173177112447,10755.879641720816,11982.529375628646,-1907.1952395217172,6925.236364750856
86,-8095.230586032372,13343.944130265401,-10953.490979447539,14345.53796092811,599.2894952444252,2260.178457945718,708.2246104296066,-3722.0853387162474,4018.667270194201,-21160.860166400053,-6668.574965455611,31252.322661369202,1494.7375302341654,15169.806102453122,-4775.092496473317,30378.803075911736,10865.488706701242,12177.515803105516,-1915.5570704501552,6944.668515800745
87,-6882.559826970791,17530.06238489988,-10953.411532292317,14344.123705969332,2008.685648829402,-2514.2002243941515,709.3194222701259,-3721.7876405632524,4012.906669347775,-21157.645754837828,-6579.0301675143555,31508.06042378885,660.4671844984439,16783.130821812487,-4775.189235807077,30381.823760384348,9554.875533187773,14839.925379434151,-2210.923968061803,7210.078525339439
88,-6885.184114231193,17506.041614199596,-10947.037229909565,14352.363167309766,2009.5352720863443,-2509.6616152024217,710.1292443638466,-3719.348957917956,4002.586184930282,-21136.716491003215,-6360.400468040595,31847.767045990127,633.6505449776731,16813.806574000366,-4786.04984052635,30367.475592588253,9494.609443312338,14767.088192450554,-2218.7491551845483,7161.893051911733
89,-6870.082418162334,17586.38142137772,-10842.92969317014,13899.016455553097,2058.9380081372187,-2360.9806301020867,711.3047390450197,-3719.0172306655354,4072.502409972573,-20873.556317266088,-6360.205769748209,31846.775663152403,913.486215535959,15921.920193714195,-4862.53471135334,30087.253145678635,9591.189289034437,14304.406212885786,-2218.260534256125,7161.876174814497
90,-6511.356935078717,16670.336524435195,-10842.874906045661,13894.86344250906,2050.5640354841394,-2376.9715989179977,712.5836575796905,-3718.2354771310193,4071.8418969318277,-20872.431080790142,-6801.703326509941,31493.50152146327,913.0495241435433,15922.633989979582,-4861.660225275877,30088.8053641075,9591.801408103265,14304.623551273171,-2218.9913785592566,7162.002379551308
91,-6416.133122041615,16453.860970059977,-11110.846837437159,14863.180238185074,-293.33108089441566,3635.825549407028,717.5375475457691,-3769.367991816018,4069.9126484922476,-20864.51674955165,-3611.338275251503,22024.859416886917,916.6554143662045,15925.384896132247,-3790.8435126036356,31286.108292068067,9591.667371561012,14305.443617814903,-2215.915017198329,7170.228630684011
92,-6413.75618927832,16456.32311293091,-12312.498901449175,13631.387028900972,-252.798341107602,3664.485346003141,749.1907716344217,-3792.133744134102,4251.499671660852,-21483.13576057664,-3474.9016661793407,22414.01159761131,993.5230649925451,15929.46352717437,-3796.3330654344463,31298.109280592053,9213.641843196841,15892.44312608419,-2215.85106107999,7173.487907774954
93,-6545.490145615231,16766.640787951837,-12310.809791239502,13632.662061018927,-222.64499493679517,3683.292165013933,761.6035960727853,-3780.507222958558,4251.545876272232,-21483.776973121705,-4567.463423470198,20501.82784729386,-973.4536928717272,20942.488602960442,-4350.684437960094,32277.95732306052,7295.001196986351,10019.751420723022,-2200.2098192224294,7219.530212959211
94,-6678.203522883365,17183.90290877926,-12307.25319168194,13619.95313480517,-212.89874622948383,3678.1557024370404,938.3392627819896,-4037.6872052756853,4252.177884320133,-21483.791292852897,-3802.2281822842797,23255.261956993174,-973.3375819677701,20942.236185425554,-4341.932216650005,32248.67978220244,6134.074262549765,11211.858420003313,-1622.4283952353549,6841.378458157038
95,-6683.533931906765,17180.291296654934,-12309.476855624645,13614.884305641224,-212.62453147152635,3678.0672520735175,821.5395712786715,-4020.467516795934,4486.491475712928,-22202.851223647536,-3836.258005721016,23271.614636071597,-967.8424708132729,20962.129552618007,-4341.965101824782,32248.896101884096,5496.464158693737,9926.855619281212,-1622.2786181504207,6839.941599761747
96,-5909.076611259618,17921.590715739876,-12575.699010005388,14172.548091977449,617.9659831432424,6715.680103176908,17.05101764187623,-7114.690439484009,4342.062075389261,-22466.30389160761,-3222.694637779469,22207.910858699102,-496.19447998221875,20535.730172587526,-4663.48346003738,31196.32244322806,5490.719465426544,9897.834838661538,-1518.4553778200852,7052.335606997013
97,-5909.824550507445,17922.066224150694,-12667.028935013259,14370.006948391629,615.2069011908652,6716.004019794853,16.91090325386189,-7114.36728083118,4342.146455035994,-22466.590990638208,-3320.832419950009,21652.038851903704,-477.29521720712825,20615.267274724003,-4663.618737413835,31197.102713413995,5488.4422009827185,9865.003295111548,-1517.5485850365008,7053.547100920017
98,-5910.022245351627,17922.330048821565,-12655.753360493576,14406.614131168897,207.96490911291187,5379.345769796096,669.6267093709931,-5968.559919064361,4364.497424026039,-22426.412624059936,-3312.503222722774,21599.515374125414,-475.83273336709823,20618.252652483963,-4740.021650285996,31276.995069783537,5488.262742680388,9862.396579876056,-1555.1340690146153,7103.831096920892
99,-5423.893266386221,16251.696485711866,-12391.288463904199,14108.451013720618,206.96268564716908,5382.311332884223,674.3936121354008,-5965.6109949020165,4366.04606511643,-22426.907214707095,-3316.414469131877,21564.337619196933,-546.7151560337315,20603.69085301396,-4739.8958047819915,31277.147760515523,3677.9825572991194,4431.922434835151,-1556.4041479385394,7107.568392850019
100,-5774.079761946769,17272.45170488507,-12476.242183687502,14052.88501633079,208.61201189222592,5383.814283591178,848.9872617669166,-5828.3288664454585,4757.684217505766,-21353.721677938374,-5451.917202514222,16944.51549127943,-545.7510758197437,20609.05462711391,-4728.455257650486,31341.536212119187,3671.4817436639273,4426.934504318048,-1545.1992633685497,7097.843196626984
